,Unnamed: 0,post
0,0,  nt insert Q tip directly ear canal
1,1,  pint beer got spill bar floor nt affect great situation
2,2,  honestly read ashcan rule share powered character probably favourite system generally nt reason nt away want rest system work facilitate type story want tell
3,3,  Instagram
4,4,  nt understand m look
5,5,  big theme campaign m run information bias shade grey alignment system universe propaganda nt possibly speak entire race
6,6,  think black pudding
7,7,  friend fail grasp concept consistency think point personal attack d home brew house rule think interesting enhanced game way nt bother learn actual rule d weight player usually story nt stand action d choose dragon ice breath have time dodge suddenly start require second DEX save avoid slide icy floor DC crazy high beat size breath change depend enemy stand close barbarian target precise blast grapple enemy blast nt hit grapple enemy cause grapple instantly break human enemy control dragon psychic connection manage run area slick dragon breath escape temple roll DEX save nt turn fall flat tried chase stand prone ice take movement instead half rule introduce point battle know rule universe actually circumstance d change whim benefit linear story d come wonder want play session
8,8,  rouge munk saucerer walk bar
9,9,  lack imagination player system limited option possible rule player brain default outcome honestly m sure wanted method say boil aggressive sneaky pretty vague
10,10,  right nt qualify kill kid
11,11,  careful chief get straw place
12,12,  stroke hair lovingly spoon appropriate time long
13,13,  monetise
14,14,  nt brain come new scenario action s ve start love ttrpg video game endless possibility
15,15,  oh fantasy escapism play d D DM weekly basis obsess fantasy fiction trope lore mythology real life write adventure worldbuilde d D campaign say post enjoy nt wrong feel say need view offer see ve read Hobbit time ve read Lord Rings book child film come include appendix tell m sucker lore nt feel like story worth revisit particularly worth carve hour order say post love enthusiasm thing enjoy nt idea repeat viewing
16,16,  clarify say nt like say see came enjoyed nt think worth rewatche rewatch thing time feel like get absolutely time nt think worth commit huge time watch
17,17,  imagine getter d crush cardio session networking
18,18,  offer differ opinion reflection enjoy love enthusiasm people thing like ve actually able rewatch see cinema came enjoyed honestly think friend sit marathon glee interest commit long see film girlfriend insist rewatch Fellowship year ago despite feel wide awake movie start asleep shortly arrive Bree wake snore little go bed feel great loss
19,19,  Ukraine weak EDIT cultured kid https youtu be fzLtF PxbYw
20,20,  good know
21,21,  mean parent explain say kid throw like logical thing r ParentsAreFuckingStupid
22,22,  m party
23,23,  unfortunately know s shy make thing awkward m interested
24,24,  Claudio Sanchez expect thread approve
25,25,  d like enter minute consideration
26,26,  yeah like entire point keep reassure people spare expense actually money go clone genetic research park corner cut recreate dinosaur actually pretty thing arguably get right
27,27,  sight
28,28,  m sure friend tell scene movie cave dweller appear background stuff like s attention draw film focus scene like notice notice nt nt
29,29,  Live Cardiff confirm day madness
30,30,  yeah s right way m go gym
31,31,  add absolutely
32,32,  meme
33,33,  Player think hilarious make joke s long walk short drink water
34,34,  problem start rd edition kid s ve experience OG system e actually favourite streamlined compare definitely good start
35,35,  good practice fair
36,36,  mean AC method calculate probability hit complicated need
37,37,  Hit Armour Class long wind way calculate attack hit early edition check table baby https dungeonsdragon fandom com wiki THAC0 Worth note early edition low AC well
38,38,  yeah conflate Feynman Technique learning Choose concept learn teach toddler Identify gap knowledge Review simplify essentially ELI5 concept
39,39,  agree simply roll horizontal axis ll land end
40,40,  aye question d3 look like https www scienceabc com wp content upload side jpg Triangular prism
41,41,  Triangular prism
42,42,  people awareness come sort thing guy group comment talking say relate know talk player table talk videogame try pertinent information party
43,43,  couple time player try coax force npc interact imagine think funny watching try track thing have conversation disappoint roleplay initial greet segue conversation summarise interaction party merchant travel Trader discuss business minute come agreement help sign classic spit shake let face go matter second party bored watch talk
44,44,  Einstein Richard Feynman say line explain toddler understand
45,45,  Daily Mail hate rag deliberately inflammatory report half story omit fact order form narrative consider satire
46,46,  r uselessnobody
47,47,  Neil leave lander ahead step moon surface take forever watch YouTube phone wait
48,48,  maybe lucked conversely maybe get unlucky
49,49,  ANTI social Network episode quote nt load dice girl complain upload naked photo internet
50,50,  CharDee MacDennis episode actually cheat
51,51,  favourite one precede literally happen response
52,52,  find car sporting pair Truk Nutz
53,53,  StalacTites hang like Tits
54,54,  get shaky perfect moment moment reaction action happen go great
55,55,  guy rush camera Props extra reaction
56,56,  year old Snooping Christmas present Found look like wash bag mom bed open weird purple cylindrical thing switch Pressed switch thing start buzz hum turn Found mom secret massager stress relief feel bad realise struggle
57,57,  one
58,58,  time player response uncover lore information declare loudly obviously follow complete speculation wrong completely wrong follow form logic apart complete leap bound unimportant thing
59,59, 
60,60,  r lostredditor
61,61,  Missed username
62,62,  nope like nt know know nt like away
63,63,  player nt DM vastly underestimate exactly work dm put inside session outside preparation write extensive note world build Adventures usually end essentially module document backstorie intertwine create circumstance adventure speak player group day mention current adventure Word document currently word absolutely gobsmacke Said seriously eye opening d realise exactly work go scene nt include fact like revise reread rule sharp day playing stop leave table DMing time thing nt understand
64,64,  indubitably
65,65,  early morning fog Visions thing pain withhold realize suicide painless bring change leave game life hard play gon na lose lose card someday lie Suicide painless bring change leave sword time pierce skin hurt begin work way pain grow strong watch grin Suicide painless bring change leave brave man request answer question key reply oh ask Suicide painless bring change leave Suicide painless bring change leave Suicide painless bring change thing https genius com Suicide be painless mash theme song lyric https genius com Suicide be painless mash theme song lyric
66,66,  s prank s trick
67,67,  wrong sure hell nt cool
68,68,  cookie biscuit biscuit cookie
69,69,  entirely wrong
70,70,  literally lay bed exact pose watch tv browse Reddit Love lazy Sunday
71,71,  turns have chronicler responsible session take note important revelation story beat need know beginning session chronicler give recap speed s guy recap involve character recent recap roll high stealth check manage sneak castle undetecte find treasure fight big bad get crit end have proper recap include important story information come complete surprise guy despite fact big deal nt happen directly nt pay attention
72,72,  nt think help clearly having seizure
73,73,  FTFY
74,74,  tub label fuck present kitchen
75,75, 
76,76,  bother check sub post imagine people scroll page hit upvote find funny approve way
77,77,  WNFPs Ninja edit probably typo enfp
78,78,  Crombie slim jean black boot white shirt later add hoodie coat Dude dress like college Doctor outfit standard stop pay attention tenure unfortunate want Peter Capaldi kill role amazingly memorable episode think fantastic entire episode start finish tower kind run try find way
79,79,  see wear sandal boot fuck thing real life jeez hideous gladiator sandal ugly hell actually kinda like wedge heel trainer link
80,80,  office relaxed dress code time weather start heat constant parade f tsch f tsch f tsch f tsch people walk drive absolutely insane
81,81,  refer snotcatcher stand
82,82,  girl provide edit filter photo hard leave swipe time
83,83,  complete opposite woman put pair heel instantly find couple point hotter know weird idea work
84,84,  look open shirt show chest hair yeah Hehe necklace silver
85,85,  conservative ruffle shirt velvet suit kind vogue time scarf kick cricket outfit celery brooch shop seven question mark sweater vest present umbrella radical new era non descript outfit actually claim purposeful design choice go geek chic basically wear fashionable outfit thing hipster look Thirteen look like girl pick crowd town UK definitely move away eccentric dress normal people wait reveal Thirteen outfit hope go super zany disappoint get
86,86,  think day Slipknot Korn Linkin Park alternative band wear somewhat baggy jean relaxed fit opposed talk band shirt hoodie etc carry skateboard literally pretty roll absolutely hated super baggy jnco rip friend buy trend look goddamn ridiculous desire wear jean remain camp look like clothe normal person wear Came home school day pair lay bed mum huge supporter take interest clothe develop style buy pair jnco fit absolutely refuse wear hand say actually hate kind jean ask try feel like absolute tool hand say refund kinda upset later overheard talk friend disappoint tone say sure buy jean like kid wear want type feel guilty way wear stupid look thing mum happy
87,87,  flip flop wear nowadays slide think people stand goddamn thing opinion person immediately drop significantly realise wear poolside relax home
88,88,  r suspiciouslySpecific say post little specific suspiciously pretty time specific nt need slightest suspicious
89,89,  s Jaleel White plum
90,90,  yeah absolutely agreed nt know play nt see Atomic Blonde wanted offer explanation case find helpful
91,91,  think point Atomic Blonde specifically praise realism bond series typically nt nt
92,92,  wo nt nt want franchise female spy want exert power exist bond franchise
93,93,  literally begin ask question Hell sense context
94,94, 
95,95,  eh run hot body temperature high friend point huddle close cuddle cold give heat think metabolism find difficult gain weight find get sick frequently anybody underdressed winter imagine scientist core temperature actually high risk get sick case perceive warm actually core temperature drop line atmospheric temperature everybody need concern open illness realise Grab thermometer time happen compare temperature friend actually warm denial Adjust accordingly
96,96,  absolutely
97,97,  INTJ flair yeah check
98,98,  stand idea verbal component spell somatic fall discussion ve rule content verbal component irrelevant word sound simply conduit magic nt actually matter s say specifically mention spell description case somatic gesture case point play game bard party getting destroy big boss end adventure arrive late scene panic moment cast hideous Laughter DM clear early somatic verbal component need roleplay fine panic nt think funny say Deus Ex Dickina player laugh feel embarrassed stupidity dm keep stone face say spell fail nt roll WIS ask say nt joke spell nt work nt find comment funny shrug let game continue pull aside ask spell say joke reasoning laugh uncontrollably nt joke like dude fucking magic similar tiff go Vicious Mockery comment nt vicious insulting cause psychic damage thought hop fray distract water elemental attacking friend cry Hey Aqualung bloody inspire
99,99,  m measure cut drill Ill use metric measurement exact number inch
100,100,  dream
101,101,  Yo know m late y get mm socket leave
102,102,  hear
103,103,  work kitchen yeah waste bother end Head chef dumb fuck conversation go like Chef get banana walk need immediately time food waste case mind home think ok steal work pay throw trash prep moron keep date stuff pantry talk year instead write dispose want lose money coworker go confidence tell suffer depression need time decide announce entire kitchen try ridicule conclude maybe kill favour instead take time leave short handed say shitlist rest time hear got sack end evict work garbageman guess get deal food waste hand day tangent Good OP great thing ensure waste specifically help
104,104,  suppose use plug manly bullet hole end daily basis
105,105,  practice shuttle run bleep test
106,106,  yeah ll
107,107,  think make joke r whooosh maybe
108,108,  theory sound suspiciously specific
109,109,  spider Man
110,110,  nearly impossible e bear mind rolling opposed check enemy similar number buff Stealth going fail perception
111,111,  Mew
112,112,  pm Sunday beer nt go drink
113,113,  think willpower wield Green Lantern ring
114,114,  look wrong way nt use MBTI figure sign use natal chart find sign compare find MBTI https astro cafeastrology com natal php actually believe stuff small belief astrology accord op m enfj absolutely sure p J large pinch salt
115,115,  awfully easy hard boil day time night thing Hemingways Sun rise
116,116,  yeah someone temperature nt sick
117,117,  wait punchline bait switch obvious movie making reference come s wild story sound amazing definitely incredible share people meet m happy internet stranger
118,118,  mariner take crossbow right
119,119, 
120,120,  nt easy wear flip flop
121,121,  s fanny pack
122,122,  yeah absolutely mean definitely point tend lead high stat method tend player hoping usually play group member core group play legendary story epic character heroic deed essentially gifting decent stat springboard way giving exactly want right personally m d like play group happy flaw difficulty present low stat guy know happy rest want high flyer right bat early day d upset frustrated early end super low modifier nt able result
123,123,  actually originally Green Lantern villain start menace DC hero include Superman Batman
124,124,  small backpack
125,125,  family tree include link marriage
126,126,  fluoride
127,127,  Nah lollipop
128,128,  nt worry Figured d land foot technically land foot uh wish worried
129,129,  yeah s exactly type person answer adventure successfully exceptional example human elf dwarf etc
130,130,  yeah maybe like show rolling background nt decide watch m talk series ve see multiple time Friends Met Mother Office Parks Recreation d nice select episode feed order nt predict EDIT Adding Community list sitcom see start finish bunch time make great pickup
131,131,  ex happen stand lead meeting work tell s horrified
132,132,  highlight
133,133,  m nt see stepdad mum divorced year complete asshole see d lay mercy guess year count
134,134,  ve play player force shitty stat roll invariably nt enjoy nt engage result check entirely pc suppose remarkable people player deserve play hero
135,135,  look place live recently UK absolutely shocked number listing include external image build like need obviously want room salesman try strongarm rent buying dive go place complete pit Kitchen wall completely bare covered hole cabinet obviously take bathroom literally cubby hole hallway shower head shower curtain slight movement floor creak end flat like way moment Guy start lay paperwork kitchen countertop look urge signature discuss thing time dodge question try sign literally head door leave word
136,136,  thing think definitely picture Ricky houndstooth shirt reel excuse
137,137,  look build leave Assume building sight run parallel building kind end point corner close
138,138,  retrospect comment make good example regrettable drunk statement
139,139,  send flirtatious message girl friend night basically tell like end night bed big deal d tell girl send identical message moment later girl good authority girl good friend live later find sit home debrief receive message hedge bet nt good
140,140,  d select category want watch comedy Netflix bad kind shuffle option nice certain show nt need watch chronologically d nice random episode play
141,141,  d6 drop low time reroll pick
142,142,  curious route instead standard array
143,143,  sign majority Tweets Hanx
144,144,  gender neutral term gender neutral term completely different term
145,145,  fuck s common
146,146,  sentiment nt want spoil set pic see thing unsubscribe subreddit film ve see exactly go miss moment
147,147,  like lot people thread ignore heading nt pick Zodiac symbol rise Moon Mercury Saturn sign likely different Sun sign m Gemini Rising sign Aquarius Moon Sagittarius Mercury Gemini Saturn Capricorn
148,148,  Haha s fair knew want go respect
149,149,  like send message wrong person
150,150,  exactly Google highlight word
151,151,  nt think logic track think way Hollywood jump trend film get incredibly popular end ton different version thing happen book maybe diet book work huge suddenly start write diet book advantage new trend see zero appear end bank balance person write book want piece exactly
152,152,  massive international incident killer clown attack people definitely push
153,153,  homepage
154,154,  literally day ago talk friend girl know town go university oh know night see come lobby hi find friend go bar town tell friend spend night hang Dude fuck totally fuck
155,155,  monk play genuinely call Chaki Jan
156,156,  far useful
157,157,  source happen lot future generation nt believe d right
158,158,  yeah make sense thank reply think mean side randomly place go mention oppose side add thing lol
159,159,  group play rotate dm character go different adventure day DMed fight went think unstoppable nt realise dm far super easy ve fight HP spell slot narrowly fight spend resource nt necessarily suppose end combat encounter get cocky wrong NPC push nt realise actual fight come beginning session avoid
160,160,  mean side random roll
161,161,  PornHub colour
162,162,  late crab law school
163,163,  tell beautiful inspiring thing
164,164,  exactly kind frame need Thanks op
165,165,  comment late thing leave eye bit lazy m tired drunk notice personally happen photo
166,166,  s instant pass health inspection level commitment right
167,167,  Unlucky OP Ask shed feel sloppy way cheap whore tho
168,168,  nt idiot wilfully ignorant say exactly wound flustered try explain worth energy d acknowledge
169,169,  cast Haste u chesari
170,170,  ve hard work Ill bet
171,171,  probably shorten form alternative
172,172,  comment incredibly relevant appear paradox
173,173,  people choose involve m totally
174,174,  player recently start bitch pointed d need stuff point nt able pick stuff ve mention encumbrance single time ve collect actually go issue act like m spring brand new rule pick nail rogue carrying crossbow reason town bother sell unload
175,175,  goonie exactly actually get inspiration
176,176,  reference Sunny Philadelphia watch wo couple character write musical call Nightman Cometh Clip explain well https www youtube com watch v tzavd6zl2ba https www youtube com watch v tzavd6zl2ba
177,177,  absolutely money dude
178,178,  thank fort cave contain ship take gang angry labourer fight man make perfect sense player think lift wholesale truth say see pirate ship time chance rip Goonies right money
179,179,  run shoot year ago end pirate ship hide cave fort player turn smirk pirate ship reveal say like chance rip certain low level raid World Warcraft literally play World Warcraft idea comparison draw
180,180,  party meet monk NPC adventure Damon choose Amaunator personal mission find slay demonic horse terrorise local town large quest trying spread unity cooperation entire realm Damon fighter Nightmare champion Sun master karate friendship player piss
181,181,  Debbie Harry cycle usually follow Liv Tyler Ill start collect image
182,182,  briefly see Duchovny glance
183,183,  say roll d rule thusly roll advantage disadvantage actually roll die outcome adv dis disadvantage roll Apply Luck roll die advantage roll Luck nt apply
184,184,  spiritedly mean lot enthusiasm energy determination case euphemism rag shit car
185,185,  d10 yknow d20 standard tool decision making exist table m entirely sure DM adamantly fiercely involve character choice resolve role play mechanic
186,186,  liquor work out https youtu be ol kzzk6cgw
187,187,  mean person meme clearly build environment suffer pretty obvious comic nt aim people actual clinical depression claim depression feel miserable largely result bad habit point actually touch drive right past sure people feel depressed result habit habit result depression comic appalling oversimplification brutal truth people face
188,188,  currently go spaghettification honestly m sure feel
189,189,  think
190,190,  roll d10 close kind fucky decision make method
191,191,  Guess fail Insight roll spot irony
192,192,  know gazebo story nt pick reference non specific
193,193,  Placebo button
194,194,  try shoot
195,195,  s lovely lovely goose
196,196,  know pick battle
197,197,  yeah think d lot happy
198,198,  table get tired long time ago
199,199,  Cmon Julian wanna vodka money nt want save world responsibility
200,200,  flawed character fun shitty effortless clich cardboard cutout character consistent personality real depth fun
201,201,  Haha probably bit unproductive come see reflection gym gear feel ashamed stuff
202,202,  quick thinking right
203,203,  literally today get home work workout clothe jump car drive gym sit car car park minute stare door gym start engine drive home feeling today come home productive stuff instead
204,204,  Rowan Atkinson ridiculously speak speak RP accent Check Blackadder Johnny English s speak
205,205,  sorry think come wrong lecture hall Excuse
206,206,  strange hill die chief
207,207,  suspicious specific
208,208, 
209,209,  Chappelle make joke metoo LGBT specifically Trans people topic
210,210,  russian bot sorry break news way
211,211,  idea talk Link clip
212,212,  cat Krang know
213,213,  maf k ight EDIT Haa
214,214,  single time gets post bullshit story point look like mug guy definitely
215,215,  milk omelette fuck sake op sort shit
216,216,  yeah accuse EDIT come guy learn read sarcasm ffs
217,217,  worry bud good day
218,218,  yes
219,219,  point guy Catcher Rye care kitty
220,220,  s awesome s non existent modifier
221,221,  s default flair bruh
222,222,  honestly d work
223,223,  yeah op include pointless comment screenshot
224,224,  find gameplay lacklustre story set piece epic awesome nt understand people hold opposite opinion ex family play Halo save watching play time reach Gravemind immediately skip cutscene
225,225,  get deep credit card debt hole literally k fell swoop pay
226,226,  love click GDPR popup immediately feed popup inform cookie Wonder go chain year legislation pile
227,227,  ahh Rami Maleks character
228,228,  wow look manoeuvrable kilt gym
229,229,  chest pain joke Hope ok sis look
230,230,  t mean
231,231, 
232,232,  suspicious clearly tell story thing see
233,233,  m tall find bath truly relax tap way
234,234,  Styrofoam display fruit
235,235,  nat modifier high nt matter roll
236,236,  perfectly cut OOOoooo
237,237,  hobgoblin smushe bugbear
238,238,  time play bard interest stereotype specifically tragic lose love backstory remain faithful despite having die year ago dm see play Bard RPd NPC encounter fall charm flustered talk outright throw case nt know lazy lolhornybard thing genuine thing testing character declare loyalty dead love frankly ve scare ask
239,239,  comment look
240,240,  wish player see combat sign progress think pc right actually nt think pc lose combat give chance leave tavern draw sword instead tavern owner beat inch life pc actually nt jump help patron bar watch happen tavern owner recommend leave town show restraint Ranger texte game accuse cheat nt able kill bartender demanding know suppose defeat
241,241,  nt relate meticulously plan adventure m currently run start note Word Doc currently word write able run like module player accuse change thing background base decision think game breaking narrative get thing track reading script anticipate fuckery month advance
242,242,  tavern inn owner party encounter retired adventurer professional ass kicker packing class level run tavern fantasy realm d nt plucky little twat Ranger game go try intimidate NPC want make threat actually comment tavern owner careful refuse guy bow long sword fight band goblin level tavern owner world weary Goliath retire king army honour veteran continental war set tavern hope enjoy quiet retirement know need use level fighter defend livelihood give sigh lift maul keep counter
243,243,  like post sub
244,244,  kit Fisto Yeesh
245,245,  consider question respond d matter
246,246,  sure question think company goodness heart answer obviously
247,247,  os lose
248,248,  case nt goodness heart
249,249,  legitimate question rural australian
250,250,  illustrate exactly lose disaffect need guidance
251,251,  Gang get TPKd actually episode give email meeting invitation group game week go
252,252,  discovery recently life trouble concentrate thinking straight exhausted day stomach complaint headache muscle joint pain anxiety able function socially underweight despite seemingly eat gargantuan dinner long old laundry list chronic issue figure way live fundamentally wrong turn eat breakfast scarf sandwich lunch eat meal dinner evening second portion wonder energy wide awake night day struggle start make sure actually eat consistently day issue list clear completely
253,253,  look like falchion scimitar
254,254,  major thing miss action movie day guy penetration gon na penetration gon na lot
255,255,  hubris specie know bound
256,256,  r fakealbumcover
257,257,  d strangely wholesome
258,258,  everyone like woah hot
259,259,  Great s go recently Viewed list Ill able find later
260,260,  taste salty
261,261,  favourite character movie Donk guy
262,262,  mark dude say sure fall good job guy
263,263,  propose prevent crash situation
264,264,  Attach stone shame
265,265,  Shut
266,266,  party DMing pull kind shit time unironically burst town announce hero try tell exist authority outrank breaking enter property gets describe steal nail essentially treat single NPC worthless cardboard cutout world build adventure genuinely understand town NPCs world build stand hero adventurer want leave town quickly possible catch Inn stop charge GP head night despite fact write sign outside read say SP room bed Heh Adventurer Rates
267,267,  character Bard specifically despite noble background adoptive upbringe great respect work man particularly craftsman go little solo shopping trip session stopover city pay ask price engage conversation merchant get know basis member party particular single time hand ask distraught Haggle idiot low price Bard high charisma fuck sake probably stuff free time player disagree character literally time justify action
268,268,  yeah yeah good bro gon na solid girl ok let try oh yeah oh yeah dude quality boning right got get Let find girl
269,269,  Nah read Horrorstr F
270,270,  strong urge play Metroid entire life
271,271,  focus series intense long term relationship begin high school m quick fall love person nt single long couple month graduate high school result give fully relationship nt study work hard school result recent relationship girl convince love life d talk getting married end m sit k credit card debt terrible low pay job qualification pull hole well turn amazing memory love relationship experience nt include money meaningful work grass greener friend guarantee life safety set able find miss chance end certainly wo nt chance feel like year line wo nt
272,272,  Nah bruh https youtu be x izgnslou
273,273,  trust m scare
274,274,  yeah s funny
275,275,  pray quick death
276,276,  nt wait til finally settle Mars work fucking planet
277,277,  oh god fucking right nt believe fucking gross ugh tell mom dad nt believe stepbrother have sex effort change situation way s Shakespeare come expression lady doth protest methink
278,278,  literally understand people mad video game ve people rant online game try taunt stuff m sit chill like finish hour shift work m fuck unwind honestly nt care try
279,279,  son of a bitch upvote
280,280,  player wish Douglas Adams level wit humour pull Hitchhikers Guide comparison
281,281,  mhm Mhm see advice walk house little booty short tight T shirt keep ride show butterfly tattoo leave hip reach shelf narrow kitchen step help realise little late stand real close end look eye moment realise sister want catch flight France Saturday like happen example
282,282,  tell foot flat Roll initiative
283,283,  dj button keyboard let word say hit DJ keep vein forehead start pop slam glass jar contain headphone splitter desk attempt order Shattered split hand open left room shout bunch little bustard strict teacher came keep watch come school
284,284,  vat maybe nt know play pc
285,285,  right post sub specific suspicious
286,286,  dismiss victory small thing victory victory deserve feel absolutely awesome result socially anxious manage thank nice day cashier store riding wave day think eventually helped climb hole let feel help last change know turning mean context thought mean volume say girl friend music guess like dance get Music incredible power psychology let similar experience feel like embody tone track listen let change attitude soon bother go put spotify playlist help certain zone depend need grind rep gym go terrifying social event job interview etc glad work man let door open great thing
287,287,  Barefoot Assassin strike
288,288,  mean say Burberry
289,289,  act like different kind dork depend group people hang group end place persona describe Cool confident apparently desirable person guess similar white different colour light spectrum come close fail science high school year ago group disperse fall apart
290,290,  relate
291,291,  s real good go year remember correctly ship Pioneer lose right near begin Sector
292,292,  survive
293,293,  swole brown fox jump squat lazy dog
294,294,  m extrovert room introvert m introvert room extrovert
295,295,  explain mean libertarian lean
296,296,  think people love start buff
297,297,  text base conversation person conversation Telephone conversation
298,298,  oh crap r LostRedditors read r ShowerThoughts age think Shower Thought apologise
299,299,  expression great mind think alike fool seldom differ say exactly
300,300,  go soon
301,301,  cover time lunchtime
302,302,  Driver pick music shotgun shut cakehole quote Supernatural de facto rule car ve doubly
303,303,  lick centre tootsie tent
304,304,  invent job title Intermediary Planner Plan event thing people leave execution
305,305,  tell Learn D D work maybe nt leave come game speak player day apart nt mind want play d D cost want play DM Session
306,306,  bone conduct voice true voice hear audio recording hear s true voice voice true nt probably nt matter tell different thing
307,307,  dan le sac vs Scroobius Pip Me https youtu be j0gNWUMl8t0
308,308,  problem technique thing give video like Ill watch video ill exact moment relevant wo nt remember single thing
309,309, 
310,310,  yeah s island end
311,311,  way
312,312,  session plan campaign character start separately have brief encounter meeting start adventure earnest fine say want nt remember pretty straightforward dm Hmm roll d6 excuse dm Roll d6 dm thing d20 proficiency relevant skill stare say like second say fine session confront leave say d appreciate nt undermine authority dm table future ask roll way tell feel try intimidate literally take punch light Guess roll natural check
313,313,  little bit tell nt
314,314,  fan style
315,315, 
316,316,  maybe specifically respond people suggest wear uniform swimming straight work having change hope shed shower change get swimming pool nature work
317,317,  dexter Palabratoradin
318,318,  use stop fan
319,319,  disagree logic get bathroom nt mean need nt bathroom see burst entirety act love bathroom break build film
320,320,  mention s work hospital disgusting bodily fluid potentially shift d hope s going hit shower moment s shift
321,321,  tell feel like moment brain finally get gear motivation materialise creativity spike rest day hit suddenly fire cylinder Wish rest world amenable natural rhythm
322,322,  nt care
323,323,  work office extremely lax dress code people wear jean t shirt time job shite decent job company one require people wear suit
324,324,  actually time DM stuff like think funny DEX check turn door handle STR check lift beer tavern like single mundane action punctuate check d chance narrate kind ridiculous slapstick scene amuse got frustrate quickly call say Rule Zero DM right player got walk let dm
325,325,  lily treasure adorable way
326,326,  reply instantly direct message excited somebody actually want talk race phone keyboard hear notification especially happen girl m interested romantically wonder keenness put people
327,327,  unpopular opinion George R R Martin barely pull GoT style story
328,328,  half warforge um slowly raise hand uhh slowly lower hand definitely nt want know
329,329,  remember see video YouTube little ago propose idea revamp series way idea return s s knowledge historical event thing shape inform story knowledge bleeding edge technology time realistic gadget q branch villain teeter sci fi movie come time know development timeframe film set intrigue
330,330,  well actually start scroll slowly think nt long speed thing flick screen way fast trick
331,331,  make joke base exact conceit nt matter appreciate see math
332,332,  remember tip push pull take time
333,333,  ve see triangular prism
334,334,  player reason role play outside combat engage world later ask outside session change different system d D s bit narrative focusse rule heavy suggestion system expect find learn tell player switch mid campaign new system person nt role play play role play balanced game
335,335,  yes kilt issue wardrobe film ruffle feather kilt
336,336,  real bounty booty get way
337,337,  yeah realise
338,338,  people play long feel responsibility people get game
339,339,  everybody start people play long
340,340,  yeah guarantee like happen hit Nat second roll
341,341,  possible know guy unlikely try player Natural roll advantage come usual dm campaign shoot chance play barely stuck rule houserule spot specifically fuck pc fight stair pc roll DEX save turn avoid fall stair fight focusse fight stair fall stair repeatedly take bludgeoning damage time find hilarious find funny session end unironically say line dm stuff hard worthy opponent think say lot mentality
342,342,  roll attack advantage roll get Natural DM insist second roll like stubbornly refuse progress roll second die kind weird power trip guess
343,343,  Keyword typical nt forge war reason
344,344,  one classic
345,345,  Insert Tweet D D ultimate fantasy adult see world have close friend sleep hour night etc
346,346,  oh yeah know dual wield scimitar
347,347,  good point bro door open
348,348,  lose count number time explain player Initiative order essentially fast pc npc monster react development situation aim crossbow fire interrupt big bad monologue honour guard stupid literally lift heavy crossbow take aim stand foot away get chance react fast chance represent initative roll leapfrog system suckerpunch everybody shout dm describe scene
349,349,  yeah kind point Ranger party constantly interrupt narration fire arrow moment hint potentially hostile creature like think able skip initiative automatically combat campaign go year argue point session story course loose arrow sight troll shambling forest clearing character Ranger let damn dm speak narrate scene declare action cry loud
350,350,  m good
351,351,  sound good let
352,352,  yeah sure work ve quiz thing actually person input enlightening
353,353,  m actually read think know take MBTI test get ENTP reason definitely worth look thank
354,354,  nt think dislike know pick battle good thing like belligerent ENTP d argue toss absolutely sake feel like nt worth effort particularly important m willing let Ill argue think worth make point
355,355,  way make sense time nt angry die necessarily need response try kill barbarian
356,356,  find weird skip prominent cross
357,357,  friend D D character barbarian d height counter argument DM nt let thing want lift dwarf throw ft chasm attack group goblin cut rope bridge DM say nt able lift throw dwarf far say deject way m height thing prevent feat
358,358,  suspicious describe thing obviously see
359,359,  see time go unexpected nt end punchline dog
360,360,  ve actually game come indicator mark map end feel overwhelmed m going possibly deal frankly nt bother Present storyline map let explore world
361,361,  iphone pain ass custom tone phone people use one phone leave default use custom tone phone day ridiculously convolute
362,362,  sword Pulls Beretta Sword mm engrave barrel totally unironically love adaptation heart
363,363,  s bug image quote post random picture celebrity quote question
364,364,  look like game boy Pokemon game
365,365,  add DM team ve lot hard work designing play making effort dm keep plate spin try help good time purposely try break environment interaction test dm annoy thing bad piss rest player
366,366,  sure include kind vetting process app random quote recently gain inspiration write short story day function add day get DEEZ NUTZ LOL result novel hit point need split book series
367,367,  nt believe need explain people like come like people think s got stuff mattress cash
368,368,  Aww start comment fall apart
369,369,  work restaurant entertainment complex place open restaurant nt open entrance restaurant staircase main entry corridor velvet rope maitre d open run prep morning duck downstairs supply way family wait corridor stair check watch grumble duck rope father figure reach grab shoulder Excuse restaurant open yeah open kind stare moment dumbstruck m glad ve reach understand Gathered thought kinda stammer response yeah open say ll continue confuse die day sheer ball guy absolute sense entitlement assumption world operate whim order ll ready nt believe guy m stand chef white chalk stripe trouser think m gon na order kitchen serve soon s seat wait moment laugh smile joke nope Guy dead idea point literally give loud fake laugh ve give life continue kitchen
370,370,  old people
371,371,  Lidl pressure washer moment
372,372,  Nah op worth scarce ve get market saturate nt worth p piece print Trust m money guy
373,373,  bullshit boss Siri woman man absolute crap
374,374,  alive
375,375,  eat
376,376,  r ThanksIm Cured Tall
377,377,  Starbz seriously
378,378,  yeah absolutely session zero Hyperlanes pitch character dm player keep try insert character backstorie determine go pre exist rivalry interesting conflict party Funnily go
379,379,  yeah happen twice play Hyperlanes conversion e sci fi captain meet different neerdowell group smuggler job opportunity guy playing engineer get difficult approach Captain player stare like second say suit special think find engineer second character Captain approach DM Captain recruit NPC engineer play pc meeting let Guy sit panic like nt go play turn rest crew assemble say want try leave work pretty board whine session want thing interesting everybody ruin
380,380,  certainly true England men team pant
381,381,  player actually read PHB yeah right ve see
382,382,  here tip response subsequent attempt prove wrong begin say probably nt say
383,383,  ve run opposite problem party willing accept bring new pc meta reason genuine character acceptance guy character arrive attitude hell convince matter time ve tell knock shit get point party literally Fine nt find s survive party hell antagonise new player character relentlessly fine interesting interesting time remain obstinately stubborn accept incredibly easy unfunny pun character end make player fun
384,384,  have fun care clearly dm entitle fun table nt
385,385,  heat battle realise Bard run mill minstrel
386,386,  screenshot couple year ago
387,387,  wow Daily Beast nt read press release properly
388,388, 
389,389,  suspiciously specific headline describe story
390,390,  stick stone break bone but word will hurt forever
391,391,  tell company boycott ve clearly go far give away title
392,392,  guy friend cook salmon fillet go place serve ask skin nt worry bin go nuts nt issue
393,393,  consider original novel Moonraker Ian Fleming write go miss assignment
394,394,  happen fusion dance
395,395,  oh m go sub
396,396,  nothing black white insecure people
397,397,  Skynet ground
398,398,  people get arm thing clearly nt read
399,399,  real idea thank correction bad
400,400,  ve manage talk circle point honestly s admirable way gon na post lot sub care action movie say need say
401,401,  single film series include James Bond title start
402,402,  TL DR way detail load stuff matter game sum thought Franklin potential character finish game find incredibly hollow basically set GTA Online Lamar deconstruct nature GTA game early say Franklin paraphrase like work til kill work big tend happen npc GTA Online need leave alive result kind bounce storyline real feeling achievement EDIT correct turn s real reason character leave alive lack sense progress personally find Michael story trap life find family hate relateable interesting way start getting involve movie think begin interesting game end Franklin say ton potential happen get huge house hill fairly early move kind sit ride remember happen Trevor care know plenty people like character got hate moment introduce game help beat Johnny Klebitz death reason actually particularly like interestingly opinion Trevor change go tattoo place free roaming see time tattoo cross arm memorial Michael explore character deal intense grief loss friend see brother see slowly unravel monster meet find interesting character think preferred game storyline entirely separate game mode select character play story crosse path instead force segment play individually time character development growth kind like GTA4 DLC story Niko main story Lost Damned Ballad Gay Tony tell individual story cross path time narrative clash certain mission
403,403,  go date girl say perfect guy like Dean Winchester assume think far look department red flag have said probably drink short temper chronic depression maybe perfect
404,404,  honestly crease Curse sketch single time think https www youtube com watch v ZNno63ZO2Lw https www youtube com watch v znno63zo2lw
405,405,  believe start cash hand remember correctly couple thousand dollar remember see figure take aback like trailer trash money guy
406,406,  girlfriend buy game play hour love moment get time play Trevor force mission little turn game pick game ask say interest Trevor character want force play result care rest game turn
407,407,  specific suspicious
408,408,  funny post night ton thing scan film available hope find new watch ultimately settle watch Goldeneye nt regret
409,409,  let know genderflippe version question get
410,410,  comment gas
411,411,  m gon na honest m imagine rap usual speech cadence m verge lose shit
412,412,  s John Titor need
413,413,  WIS score look like
414,414,  need tell m good person
415,415,  feature allow increase ability score increase score increase score nt increase ability score Basic Rules p yeah belt magic item concession curiosity look World Record long jump foot inch guess make sense inhumanly high strength able achieve feat
416,416,  polymorph replace ability score aware planning require save order stay focussed ve change answer bardiest Bards nt Bard class level having realise play tit whim transform animal immediately take level Druid bother Bard training
417,417,  nt cap pc ability score pc strength use magic item pretty break s case
418,418,  yeah nt
419,419,  foot jump foot stand spell
420,420,  know swear
421,421,  good cooking thing ve specialise thing good cook general
422,422,  ve see far
423,423,  try straightforward calendar app allow automatically repeat event certain day note room exercise set rep
424,424,  learn polymorph
425,425,  oh like separate grid section dm corner Plenty table space player need battle map middle table ve play cluttered good luck
426,426,  nt fookin see litany swear automatically read scottish brogue tam o shanter
427,427,  let player reroll s rolling stat day instance player getting sting right bat like realise subsequently fun result pretty shitty force people stat nt like
428,428,  meme bro
429,429,  suspicious specific
430,430,  s suspicious
431,431,  dislike gun film remember correctly read book year Scaramanga golden revolver imagining find far aesthetically pleasing interesting
432,432,  use f lux https justgetflux com purpose adjustable set timer gradually darken lighten day problem work computer involve colour obviously red tint filter affect colour look screen include button switch temporarily short period necessary long term solution need find
433,433,  yeah think go straight Scotland
434,434,  sound ambitious
435,435,  admit know touch
436,436,  s suspiciously specific
437,437,  like
438,438,  Chris Brown thing tick day man accuse lose job respect rake coal evidence need Chris Brown actually physically beat Rihanna allow continue career barely miss step disgusting
439,439,  Gon na need name
440,440,  well lol jk
441,441,  Yoooo fuck watch Yee haw Game Ranch
442,442,  ehhh claim cure specifically say ve experience depression say think d deal come place clearly understand
443,443,  bard know exactly
444,444,  Bard know exactly get or what would be get into he
445,445,  love play cleric decide life die literally single time ve play cleric introduce character sarcastic comment altar boy harmless churchgoer fun god stereotypical catholic priest base joke character turn blood spill demand heal smile wry smile continue swing warhammer nt hear thing
446,446,  yeah reckon
447,447,  yeah ve see come time distinction need
448,448,  guy breakfast
449,449, 
450,450,  remember having try explain concept player time get Battle Time simulate round second player creature turn round showing happen second pc creature perspective
451,451,  ve say thing dietary concern actually kill cause seriously ill trust prepare food Dining definitely completely question
452,452,  player go
453,453,  dude nt answer question
454,454,  know pull open rewatch look like weird portal base fuckery going point
455,455,  suspicious lay detail
456,456,  guy yellow reason guy lucky pull door shut screw aim
457,457,  r ThatHappened
458,458,  nt entire point
459,459,  Final Fantasy VII boss theme
460,460,  d probably mind blow fact alien planet begin go surprise
461,461,  mean say literally
462,462,  yeah capture nt level detail
463,463,  pretty post nt remember time see actually suspicious
464,464,  player thing Ignored clue nt dig deep find lore background info essentially brute force way find solution kill bad guy ask question let talk announce adventure congratulate sudden ton question minstrel magic book ambassador door wide open gnome guard disappear artefact begin sorry boy girl Guess ll know
465,465,  s suspicious
466,466,  right dull job lot money interesting job lot money job dull pay single second agonising
467,467,  remember struggle pull gym later
468,468,  gently poke key gap finger hit Ill fucking kill
469,469,  yeah
470,470,  openness experience agreeableness conscientiousness negative emotionality extraversion x200B Edit Worth note consistently test ENTP day different test read trait find disagree ENTP thing
471,471,  project fivethirtyeight com personality quiz https project fivethirtyeight com personality quiz Link lazy
472,472, 
473,473,  guy call horse punch mouth second guy call horse jerk guy call horse need think get saddle
474,474,  couple month ago friend ask music listen recently listen Maroon drive actually listen like oh mean band good album Songs Jane single shitty filler band fake funk sound song conspicuously absent guest rapper Nah shit entitle hold opinion like thing ask particularly tell like find joy use excuse shit like Maroon care
475,475,  up try trip x important well cool rewarding vacation talk fine talk vacation shut talk excited talk
476,476,  sound like try invalidate u CelticRosa pain show worse ultimately show insecure
477,477,  relate up subtle difference relate tired sleep night yeah struggle sleep night humidity up tired sleep night yeah sleep past night reason XYZ relate meet common ground try try situation well bad theirs essentially try right complain proud essentially invalidate say
478,478,  absolutely true toxic irritating
479,479,  actual reason right sure phinea ferb
480,480,  s end draconic sorcerer
481,481,  happy enjoy play sit grumble s real loser
482,482,  r imafaketotalpieceofshit
483,483,  confirm website sort interesting background stuff movie come include bio Craig Bond disappointment far Craig Bond bio specifically mention scuba diving exercise mission successfully complete Craig dive spend extend time water like colder locale final film blaze sun temperate climate
484,484,  sound like problem absolutely prepared throw character thresher build character actually care building rogue fighter etc hard problem address struggle player
485,485,  dismantle infantiarchy
486,486,  mean definitely social medium ve imaginary audience kid s
487,487,  Wu Tang Killa Beas swarm
488,488,  rule subreddit personally ask context interested know come rank order start conversation list base Attractiveness Character usefulness acting performance Story arc interested know select order simply take list face value
489,489,  read hostility ask simple series question expect context post discussion board
490,490,  give list give criterion list Camille Vesper opinion trait judge matter opinion objective consider definitive ranking
491,491,  base
492,492,  fairly solid advice fair dm talk player think invincible rush combat constantly pay attention take thing seriously advice kill character properly dead railroad force event stop pull punch know soon actually die sit notice
493,493,  go Force Awakens day come Hands single good cinema experience ve goal actually watch movie
494,494,  think people subreddit create misery refuse good thing like wo cure depression mental illness mention claim self perpetuate purposely block wholesome
495,495,  Haha worry group player try lawyer come rule single week especially come gain advantage got ta stay toe EDIT see edit yeah work forget Sneak Attack nt tell player happen
496,496,  nope disadvantage grant dodge action negate source advantage circumstance cause roll advantage disadvantage consider roll d20 true multiple circumstance impose disadvantage grant advantage vice versa situation advantage disadvantage PHB
497,497,  Advantage grant Inspiration nt cancel Disadvantage mean roll Advantage Disadvantage flat roll eligible sneak attack
498,498,  suspiciously specific frame question
499,499,  see result nt stop drink heavily eat entire pizza weekend
500,500,  mention fact relatively successful struggle welfare time job maybe d kind time talk head chef academic professor couple executive Phoebe Joey one time hang Joey struggle get regular spot day life
501,501,  s weak ass bbeg kill single sneak attack
502,502,  add meme
503,503,  pretend surprised party genuinely shock happen explicitly mention previous session
504,504,  plot twist Ravisher125 Spencer Perry
505,505,  wha mind
506,506,  claim cure depression mental illness context hard judge
507,507,  Dave Rubin tour
508,508,  context
509,509,  reaction Pattinson Fuck see couple thing Twilight predominantly mopey wooden uninteresting actor watch willing benefit doubt expect hate young day object cast Heath Ledger Joker regard rest fuck yes hope Detective Batman story Long Halloween remain favourite Batman comic book grip tale detective work one punch supervillain demigod plus Arkham game incredible
510,510,  actually crave m hungover point m past bad start think solid food juicy pineapple cheese tomato feel like exactly body need
511,511,  reblog
512,512,  o follow declaration whirlwind emotion nt help tear
513,513,  teach movie People pretty impressed notice confirm get smoothly pinky hard work occasionally Ill smooth transition think Ill take aback ill mess return drop ring altogether
514,514,  Nat Good s modifier
515,515,  absolutely think actually tear slightly s
516,516,  mention point fantasy pretty build entirely clich clich make difference
517,517,  think thread comment k subscriber hard help people Bear mind subscribe hope find advice position kind sub nature
518,518,  language
519,519, 
520,520,  suspiciously specific
521,521,  think got catch siren song moment
522,522,  right say avoid student debt
523,523,  get ta lean super obvious rowg
524,524,  yes overhear people office talk day tv show woman mention disappointing ending cite lose example conversation nt see ask end say oh turn dead time seethe Fuck jenny Learn pay attention bitch
525,525,  dialogue nt Doctor go deeply imagine
526,526,  ve see meme number actual number original dialogue wooooshe
527,527,  read end
528,528,  Roger Moore one nt enjoy reason await crucifixion
529,529,  think op talking meme thing like rest party Finbar wizard ask DM colour robe npc wear ah shit
530,530,  nt want party abandon main quest line follow quest nt offer quest
531,531,  clearly library book say op nt photo book online
532,532,  wat
533,533,  british specific thing
534,534,  mean spaghetti bolognese dark chocolate milk sauce yeah
535,535,  Dungeons Dragons man filibuster entire conversation hour turn subject d d
536,536,  stop try work margin error stick limit ll golden
537,537,  good thing notice try manoeuvre maintain speed position take action base current circumstance hold accelerate move clear adjust long interaction driver good thing learning process licence ll
538,538,  Voodoo
539,539,  bmw nt fair time drive german Big BMW Audi Mercedes fairly safe bet go twattish
540,540,  literally plot Rick Morty episode
541,541,  buy pint
542,542,  Bitch James Bond Skyfall
543,543,  Casino Royale exceptionally large margin saw time cinema watch day month know m weird get dvd day actually watch twice thing morning evening d drink Probably Quantum Solace get DVD usually double feature close race GoldenEye believe bond film saw play heck N64 game stepdad realise see film watch run Brosnans film year miss self contain nature entry series m hope
544,544,  Nah man Clifford knock wall
545,545,  actually run skill challenge e game recently party cross thick forest escape pursuer throw couple random encounter threat vastly outnumber combat potential capture challenge fail player remark fresh change pace feel like kind minigame keep engaged feel useful hoped skill challenge future
546,546,  look forward haunt Live overnight special place
547,547,  university committee academic society arrange nice formal event go dinner champagne boat ride drink hire photographer come event photo page usual drunken debauchery guy show event wear short dirty hoody year old excuse nt smart clothe nt understand happen
548,548,  Big Bloody End game
549,549,  dm wrong plan adventure party story rely specific interaction decision order play player rarely thing ve somewhat railroad good dm write location people situation play exist partys input
550,550,  write tweet
551,551,  dm abso fucking lutely despise rr class feature principle bad Ranger think equal absolute clairvoyance omnipotence exactly house camp thinking single time explain nt information
552,552,  nt case XGtE Ranger subclass base PHB Ranger intend Revised Ranger
553,553,  learn thank Matt Colvilles Running Game series
554,554,  Mate Star Trek universal translator d fully understandable language smh
555,555,  nt respond subtle support s crank extend Woo voice pump fist air clap go Draw event cheer person master cash machine like fucking absolute don
556,556,  fuck stupid
557,557,  extravagant flamboyant bard tbh
558,558,  sweet spot know guy try set game insist have player time start WhatsApp group chat people try sign long term campaign want run Funnily take
559,559,  actually breathe anxiety feel like nt air lung think breathing happen watch video nt think work despite pretty good advice
560,560,  damn
561,561,  depress
562,562,  nice drawer junk drawer
563,563,  s character fetish
564,564,  see picture read Acrobatics check line anticipate end needless meme way expect
565,565,  accidentally TPKd party shot fight brawl erupt tavern roll openly d promise easy fudge meet ac openly declare combatant keep get high roll think run fun session
566,566,  r awardspeechedit
567,567,  fact ll doubt decide tv time show Love Island series original
568,568,  Nah nt work like like herpe ve give forever relevant metaphor Love Island
569,569,  nt understand s Tarantino Star Trek movie work make absolutely zero sense d curious Tarantino Bond film know probably nt feel like bond film
570,570,  use wish
571,571,  case basis character Marvel movie character anime yeah deal
572,572,  fantastic story guy grandmother want despite know world use people like grandfather
573,573,  wait start get frisky try bite lip throw ground point gun say foreplay
574,574,  nt sort thing film immediately proceed say explode watch
575,575,  Casino Royale came say love Bond get beat cut face show sign scrape s crutch bit far
576,576,  nt find spray aerosol cheese
577,577,  try feed kid
578,578,  love come hard brain explode bake bean
579,579,  exactly want dm run Incorporate world feel acknowledge living parent backstory murder screen town tell session character development killer way Caught authority execute arrive town guy decide break house kill thread follow
580,580,  OP op coworker skid mark remain bowl coworker nt flush u MakinCakes u MakinCakes coworker
581,581,  oh
582,582,  come Bard sell d4 base fruit salad
583,583,  m year old smash m wear Batman t shirt sweater
584,584,  tattoo place edgy sign commonplace got tell lay ceiling directly headr printout say m fucking hairdresser mouth shut nt talk
585,585,  delete old relative Facebook reason like post status update humorous self deprecate tone stupid embarrassing thing ve d great uncle nt see probably year old comment specifically talk Lighten day time lad confessional nt help ve omelette dinner m sit watch telly bed weirdly wholesome way guess honestly find annoying
586,586,  yeah nt want Session Zero start player finally get agree idea proper introduction consider go completely homebrewed setting lead S0 start say thing like talk half hour start campaign keep say Session Zero nt gameplay need away think information give overeager start end kill thing begin m forever DM group office play couple time week lunch office weekend month grab boardroom evening someone place length session work incredibly m happy unfold
587,587,  remind fucking guy DMed meet weekday evening work Fought rush hour traffic insistence place fully comprehensive Session Zero go depth discussion aspect upcoming campaign character create hook backstorie end finish talk like exhausted happy productive session point dm insist role play little bit start point adventure figure go like minute piece maybe agree fucking morning having finally meet time alley jump group mugger roll initiative stand say fuck m catalyst waiting end leave despite dm insistence quick combat stop actually meet Session apart dm attempt campaign actually happen
588,588,  sugar cube backroom God speed little sugar cube God speed
589,589,  imagine send live humanity secret supervisor keep have upstairs try tell bit like human
590,590,  browse Reddit m toilet order improve quality bm
591,591,  chain mail hotmail delete explain
592,592,  m awkward end stare tv
593,593,  pc finish single easy combat encounter pc well short rest
594,594,  know hate natural auto success house rule rebel like meme try funny apparently lot beer good time try
595,595,  Nat meme reeeeeeeeeeeeeeeeee
596,596,  mean know actually say
597,597,  Jumper cable stay away nipple
598,598,  youre breathtaking
599,599,  experience irish people ireland choice word use expression irish
600,600,  yearly due expensive etc Excuse pay privilege put asshole
601,601,  nt comedy duo character comedy play nt double act perform different show comedian Penn Teller magician foremost nt consider comedy duo mood comedy nt think Ill watch Penn Teller
602,602,  comedy duos
603,603,  m usually boat nt worry imagine able set password instead thumb print tell dad thumb print unlock phone d parental lock
604,604,  Mitchell Webb fuck
605,605,  person watch movie see protagonist obnoxious asshole
606,606,  make wonder nt Peele Key
607,607,  time go GIF post sub
608,608,  Ranger find Arcane Archers exist nt think fair Fighter well bow Ranger try argue thing Arcane Archers Ranger stuff essentially want class simultaneously having miss tell multiclass like screw progression Ranger say Fine forget storm huff session combat hit confidently announce use Arcane Shot stop ask explain mean ask character sheet add Arcane Archer class feature thing alongside Beastmaster Ranger stuff think slip unnoticed guy argue text day straight Rangers automatically initiative order s point Ranger attack bonus bow lot high unlikely d miss tell tell player nt accept self appoint party leader m surprise
609,609,  mean nt parental lock thumb print
610,610,  month ago day row receive originate Germany different time single arrive take morning dump office unable answer like know
611,611,  hello FBI think information want
612,612,  oh dear s good think expect dark thank info
613,613,  literally homebrew danddwiki
614,614,  let try m half bottle wine apologise m coherent mean effective range begin foot away net disadvantage throw target square far outside ft range close subject range attack close rule stupid rule clash range effectively
615,615,  range mean throw net square away like weapon reach monster statblock attack reach ft actually mean attack square
616,616,  way lore build Boblin day nondescript townspeople go business marketplace d like talk single
617,617,  pastiche homage long rest story nt party adventurer try say object place destroy dark lord reclaim
618,618,  post delete
619,619,  s probably like sub day
620,620,  Bucky OHare Lets croak toad
621,621,  Hah Levels level
622,622,  character fuck thing ruin game player
623,623,  literally thing menu
624,624,  know Walkers bottle water
625,625,  hand game assassin
626,626,  turn week ago interest have child People start ask pain ass break girlfriend year October nt m interested little chuckle like nt know m say Coworkers tell story kid try photo thing nt possibly care
627,627,  Whomstd
628,628,  make sense ex girlfriend year ago drink family thought take drink blind drunk
629,629,  teetotal lightweight
630,630,  likely dial mistake sound number number start clear signal operator like command key press Ctrl nt know ve beer eat lunch crap
631,631,  s bug thing follow x happen Y mean somebody say response
632,632,  long leg mountain dwarf result mobility feat
633,633,  yeah Coruscant Tatooine probably clue nt d d
634,634,  Fjester confirm canon
635,635,  laugh announce character go bard Jokes Shade throw oh useless s go laugh ve carry damn party good year
636,636,  shit stop nt sense time
637,637,  nope description equally apply undead creature specifie
638,638,  worse lift Tweet https twitter com mynameisntdave status s rewrite slightly stand image disseminate credit
639,639,  good advice
640,640,  lack option
641,641,  black ass mama white ass daddy
642,642,  go round new girlfriend house Sat watch telly family leant forward grab coffee coffee table Girlfriends mum say Pass box stare table tv magazine tv remote people coffee cup stare table box start laugh act like idiot new girlfriend include drop entirety relationship d like later evening go home
643,643,  yeah physically nt eat hour wake pain like long trip ahead wo nt chance eat later day ve try eat breakfast Ill literally sit chew single bite toast like half hour struggle swallow
644,644,  literally look zoo early today extinct
645,645,  nt mean everybody
646,646,  nt sound like
647,647,  dub right yeah
648,648,  nt call hashtag nt word phrase hash
649,649,  remember work TKMaxx year ago start charge carrier bag remember single customer kicking tell personally year old cashier red polo shirt decide institute rule go far tell case illegal ridiculous thing bag well blank m pay advertise ve spend pound expect p carrier bag well carrier bag free go carry head absolute favourite woman slam hand counter leant forward squint tell try extort time come shop m go bring bag home ll shrug say yeah snatch purchase storm clearly have entirely miss understand point
650,650,  Reddit app recommend sub day honestly nt know think d want subscribe exist uncomfortable
651,651,  work kitchen chef man goddamn pastry chef stoner chef
652,652,  feel like tell extrovert introvert
653,653,  Excessive
654,654,  Sandi Toksviig
655,655,  mother file divorce paper class
656,656,  section rest say Adventurers short rest s midst adventure day long rest end day grammatically suggest multiple short rest day long rest
657,657,  bad pc Classes Merit Ranger
658,658,  attack nt need different target
659,659,  redline
660,660,  bedside table nt turn alarm
661,661,  ask Source nt automatically mean think porn mean want know thing originally come
662,662,  nt catch nt mean illegal
663,663,  d literally stand prepared action wait cast spell plus action prepare cast spell effect spell resolve prepared action happen d transform spell hit
664,664,  term actual lore Bards access magic natural talent pick guitar start cast spell strum barre chord
665,665,  nt realise Thank
666,666,  shitty showerthought literally
667,667,  gather s ton shit stick wall static electricity Guess thing kid pen look like calculator thing nt work exactly suppose illustrate appropriate post r KidsAreFuckingStupid
668,668,  Diet Coke
669,669,  standard array fucker fight IRL rn
670,670,  extra attack teabag spend Ki point use Flurry Blows teabag twice s d10 bludgeoning damage magical attack time nutsack plop face time round
671,671,  entire comment thread democracy manifest
672,672,  different group chat different app know m nt clue constant true mute indefinitely occasionally ill check rid notification balloon nt tend leave case useful come
673,673,  Swear post day day
674,674,  Glad circled see thing mention tweet
675,675,  personally scale line draw fan art
676,676,  write fanfiction
677,677,  look like valuable
678,678,  MOAR LUNCHBOXES
679,679,  nice girl crazy bitch
680,680,  ve prepare scenario scene location player DM purposely start try break thing wander amusement have fun
681,681,  yes
682,682,  actually phase different time Ill let decide apply story
683,683,  play support role kind supervise guy DMing s nt confident kinda spot play d occasionally turn advice party storm forest path say shout hey nt wander DM turn say need roll ask making roll say shout loud hear laugh
684,684,  d4 right sharp
685,685,  school friend go phase friendly clap cheek thing greet congratulation condolence purpose quick gentle double clap cheek dumb ass think d good idea teacher day physically remove room friend swiftly abandon cheek slap
686,686,  man m say moment unity stillness fall audience brief moment frozen see amazed thing d see realise actually forget breathe moment beat clichd expulsion feeling time number reason tangibly feel stillness d cheer audience nt give second thought
687,687,  view audible gasp unison Mjolnir return Caps hand quiet awe way appropriate satisfy shout yeah Woo
688,688, 
689,689,  say Sell soul instant reality bend power contract continue fealty exchange slowly progress power
690,690,  Jesus Christ fucking joke stop post shit
691,691,  ve see time receive pay similar
692,692,  k
693,693,  reason right
694,694,  bad idea
695,695,  clever complete non sequitur lasagna mean give double meaning Lasagna silence Switch word silent g lose mean real G silence like gnome arguably actually make sense real G silence like bologna real G silence like design Dude literally think word g silent
696,696,  s fun power fun m watch movie time particularly ve eagerly wait want able watch immerse nt want cinema bunch people hoot screen want transport away film
697,697,  glad somebodys saying ve see ton post people say crowd go wild People yell standing salute whooping m think sound like fucking terrible experience exact way movie ruin
698,698,  roll seduction twitch
699,699,  well find middle ground constantly crack wise nt mean cry
700,700,  d agree Literally guy ve know tell girl funny subsequently take complete extreme point nt normal fucking conversation goddamn punchline
701,701,  literal paperwork track nt understand people head epic fantasy rpg think Hmm need pet fantastic choice available class
702,702,  people hang animal companion thing ve go rpg want extra paperwork come pet
703,703,  motherfucker
704,704,  ah sorry misunderstood
705,705,  word cure claim cure idea people piss possibility help try
706,706,  right like exactly reason people tell
707,707,  right hard advice People pissy suggest simple outside minute natural light fresh air change scenery
708,708,  come soon long
709,709,  r awardspeechedit
710,710,  see roll stat Reroll
711,711,  underline hoe nt care caption
712,712,  Dandd
713,713,  god hate rule
714,714,  yeah s right dm roll screen note nt aware good insight reading ve hide catastrophic failure character convince ve good situation ve find page guide leave page e DMG right page e DMG case page table rule definitely handy read certainly prefer way play
715,715,  Key Lighter Penknife change
716,716,  save caster seduction skill half damage
717,717,  hear say hi s tantamount threat book initiate combat
718,718,  play rule thing like roll DM Stealth check Insight checking trap player know get low result change way act dm screen know suggest PHB DMG e nt know e suggest thing
719,719,  rock improvise weapon d4 kill Orcus crit
720,720,  weapon need label Attack
721,721,  yeah kid beat make winner
722,722,  sound like ugly virgin
723,723,  find bot respond level fuck say like Ugly virgin hahahaha
724,724,  sure m UK know plenty homeowner
725,725,  literally come loss
726,726,  yeah mean like actually thing happen case yeah house
727,727,  kind thing nt happen warrant subreddit dedicate
728,728,  Mastresses say thing
729,729,  gril
730,730,  Tried Chicken claw eye
731,731,  player jump conclusion kinda know think engineer situation know ll assume pull rug subvert expectation Ranger solo mini adventure meet kid sleep rough wood age near campfire sleeping carriage horse nearby kid tell ranger d run away home sleep outside Bud big get sleep carriage get tent Ranger immediately say character m kill pedo proceed enter sleeping carriage plan stab adult sheet sleep second raise sword pull cover Turns year old boy encourage young kid run away home think disappoint turn social encounter escort kid village player contact session love twist
732,732,  player actually happily greet tavern barman deem friendly literally smile approach bar say Welcome Silver Stag
733,733,  definitely stick face kid slap pin
734,734,  s story
735,735,  s night
736,736,  r ThatHappened
737,737,  Maple keep well time
738,738,  kind Level Rogue nt super high Stealth modifier render natural meaningless
739,739,  nt need type Umm s verbal placeholder reason include write comment time think want people know asshole
740,740,  nice change usual Rolls Natural Trips break nose ground
741,741, 
742,742,  nt vax bro
743,743,  warlock personality Malcolm Tucker worse
744,744,  literally call Moonmoon
745,745,  r ForbiddenSnacks
746,746,  d nt
747,747,  pray bard
748,748,  like reassurance cure platitude claim cure depression anagram
749,749,  hard clench
750,750,  ah edit history Joseph Stalin proud
751,751,  sub lose capacity recognise joke recently
752,752,  oh fuck op
753,753,  get reflex save critical hit attack roll DM fiat bullshit high order
754,754,  mention eat donut bite
755,755,  English Second Language think
756,756,  suppose close thing default whichever brewery own place beer Carlsberg alright Sure pint think place ask beer tired sarcastic response line get plenty specific
757,757,  oh crap
758,758,  s reference nt hear long long time
759,759,  man m work take quick minute break wait project turnaround nt Aluminium Christmas Trees https tvtrope org pmwiki pmwiki php Main AluminumChristmasTrees real huh
760,760,  m imagine try pub UK
761,761,  friend college hang say bye d immediately Bye Joe
762,762,  literally think nt post fuck happen
763,763,  absolute boss
764,764,  shitshow sub
765,765,  Cue James Browns Living America
766,766,  year ago friend college UK round house ditching class mention old pistol granddad upstairs went bring friend ask Said friend immediately take pistol aim directly owner face like foot away squeeze trigger clicked owner slap shit snatch gun away apparently thing load literally second walk living room decide unload bullet hand
767,767,  mum s Soap mouth bar pump hand wash Taught swear half hour soap aftertaste disappear
768,768,  plan time player pay
769,769,  kind thread think comment
770,770,  nt Civil War
771,771,  guy live yoga pant large good thing kind people wear yoga pant one wish nt
772,772,  sound awful nt stand people talk cinema ve come film usually ve look forward listen people converse
773,773,  nt time people come kitchen mid service stand shoot shit relaxed way Nobodys rush shout supposedly restaurant customer
774,774,  oh oh s shame
775,775,  think Ellen Jo
776,776,  Chandler irritate hell know real life
777,777,  kid
778,778,  try help social anxiety potentially say stupid say line year go remember remember thing say year ago course like gon na stop remember stupid shit say year ago feel embarrassed pretty hourly activity actually feel ton bad
779,779,  mean literally play get Nat nt care skill check add modifier
780,780,  guy know try convert e Star Wars run shoot attempt DMing friend point nt smart idea Star Wars system exist nt want hear go ahead poorly convert e vaguely Star Wars relate stuff speak people play adventure widely agree thing absolute shamble
781,781,  Baby owl Unsettling possibly cute little AGGHH
782,782,  Alex Trebek s gon na believe
783,783,  Cops x Files
784,784,  old Movie Maker program brother crappy movie thing showcase
785,785,  right mind dump charisma
786,786,  rest peace
787,787,  yeah pretty sure usually call joke specifically self deprecate persuasion
788,788,  crime answer vary
789,789,  turn May feel stop
790,790,  half
791,791,  Nope sound right
792,792,  overhear guy gym day say friend eyesight get real bad s give glass prescription nt fill s start keto eye well fuck wrong people
793,793,  d great thank
794,794,  Roc Hudson
795,795,  shit roll downhill
796,796,  s player suddenly decide character come wealthy city arrive estate stand father recently pass leave large inheritance safe go inheritance include gold magic item drop revelation table mid game m go right throw brazenness improv way screw say Nah fuck
797,797,  page number ve see
798,798,  guy invent new race play Drow argue nt sunlight sensitivity
799,799,  nt handle truth huh
800,800,  leave croc
801,801,  explain time mention hobby nt know d D ask oh like dress elf stuff sneer game play friend s dressing involve
802,802,  continuous thing payment receive million year month yeah sure hand say agree actually sure d agree probably actually bother
803,803,  cosplay stuff d d people actually
804,804,  Fiestas dash look like Yoshi https I wheelsage org image format picture picture preview large f ford fiesta zetec s red ford fiesta zetec s red jpg
805,805,  god Critical hit high immunity damage type Frightful Presence DC Wisdom save
806,806,  see time genuinely surprised say breastfeed natural form joke
807,807,  mean Intelligence well fit purpose
808,808,  sure Fuck think God statblock go comparable follow rule
809,809,  pleasantly surprised film expect tolerable curiosity
810,810,  exactly
811,811,  Frank Catsle Pawnisher
812,812,  ve find technical stuff easy rule place Learn learn work way nt homebrew mechanical synergy going go hundred thousand hour play test exist system nt mess Role playing fly group people stare try plot straight head track table fielding question player try remember know s new find hard
813,813,  right aim centre mass idiot
814,814,  single day day
815,815,  say aim head Fucking Ranger single turn
816,816,  new low
817,817,  nt shoe slipper
818,818,  play like time Sam
819,819,  meme bring Sexy Bard Gang
820,820,  clearly troll question
821,821,  people thread say thing kill clone op mention kill
822,822,  wish player game m narrate obvious thing interact moment tend sit dumbstruck wait place thing solve character literally speak month play time
823,823,  spoiler tag include phrase swan song title Bold
824,824,  imagine drink hot chocolate long donut like straw
825,825,  s YouTube ya boi today talk hole straw sure stay date delicious content sure like subscribe nt miss follow social medium existence Ill list spell individually sure loop upcoming video begin today d like thank sponsor content probably food probably book individual minute read ok content understand hole straw tell personal story little kid go family vacation thing happen take forever explain reason think tangentially link straw justifie put drag story long Ill reach minimum require length YouTube let monetise video m go go s actually talk straw hole end hole connect actually s call hole ok thank YouTube nt forget like subscribe Leave message comment section question straw hole thing let know subject d like tackle video ignore comment number inflate video increase exposure engagement level YouTube analytic
826,826,  bard
827,827,  month prison million fine cost taxpayer prison stay nt break rate
828,828,  unsubscribed subreddit social anxiety depression I irl type meme hundred upvote stream comment effect suggest way mitigate overcome issue downvoted ground swarm people give shit join thought community likeminde people able work come solution decent advice want well want wallow pat hard subreddit lean similar direction
829,829,  absolutely
830,830,  mean d say way imply concern similar d probably responsive phrase like judgemental condescending feel free undamaged liver nice day
831,831,  enjoy vital organ
832,832,  work job hate time need drink
833,833,  find way feel smug sense superiority despite busy
834,834,  yeah week year good get
835,835,  meet american student date drink little remain pretty coherent nurse way couple drink describe entire nation high function alcoholic wear badge pride drink requisite double whisky night work
836,836,  need bounce stuff feel free pm
837,837,  look like South Park character
838,838,  ok
839,839,  mean dissatisfied
840,840,  find early player hobby pretty read D D sourcebook play read Curse Strahd Storm King Thunder etc know twist turn play module slightly eidetic memory time monster introduce early thing player like kobold get d6 HP AC problem sure know monster find good way add little monster get low kind hark bloody state e party troll surround whittle suddenly find stand poison cloud subsequent kobold gain multiattack desperation HP get threateningly low drop give Relentless Endurance trait reflavoure scrappy desperation survival instinct let pc Arcana Nature roll etc clue thing ask usually end surprised
841,841,  ve good friend recently Ill turn soon determine good birthday say ve literally decent friend organising ask d like idea people birthday pretty day
842,842, 
843,843,  Alexa play Despacito
844,844,  pull trigger nightmare stop pull trigger nightmare stop pull trigger nightmare stop forever forever learn
845,845,  butter like half loaf bread Sat armchair stack butter bread leave bottle malt vinegar right dash slice vinegar flavour eat thing come home hour drinking session find cupboard bare
846,846,  weekender outfits d wear outfit different episode nt wear exactly clothe
847,847,  look like troll sound like troll Smells like troll game climb speed release poison fog cloud HP get low require cold damage stop regeneration standard acid fire pretty basic change like people toe
848,848,  Ruoge
849,849,  Dibs
850,850,  lair action Bam
851,851,  nt reskin opposite troll screw metagameyist player think know troll game world
852,852,  tinder button
853,853,  nt tailor maker men suit female equivalent seamstress
854,854,  wrong bard
855,855,  imagine play differently stoic devastated
856,856,  Shadow Boxing
857,857,  misspelled ranger
858,858,  DMing day cobble impromptu NPC player go speak nt plan decide irish accent keep slip unreal go comfortable player ask accent keep fall Irish point s Ireland fantasy realm similaritie purely coincidental difference characteristic accent world
859,859,  gnome Australian Kiwi
860,860,  year ago
861,861,  communicate control dice
862,862,  attack nt deal negative damage bottom
863,863,  ve find food distraction d D table groan player show carry food
864,864,  mean insist ll hear attorney
865,865,  title original post New Zealand person comment video New Zealand accent make think british person
866,866,  real human bean
867,867,  cut crust single edge
868,868,  thank
869,869,  College Gains
870,870,  remember game come find random individual bond game come base old film try figure mean obviously get
871,871,  like Bobs Burgers
872,872,  talk girl IRL
873,873,  default scroll involved
874,874,  nt inordinate
875,875,  Somebody tell d read effect inordinately large number steam user year old go birthdate give client
876,876,  people Steam bear st January include
877,877,  personally think Fighters Barbarians offer great versatility possibility create interesting character mechanically basic room flavourfully exceptional unfortunately barbarian low INT alcoholic pseudovike anger issue fighter guy hit thing stick
878,878,  ranger swear unique class fucking time
879,879,  modifier
880,880,  web series meme come BBC3 production
881,881,  mean roll Nat d6
882,882,  Ichabod Crane
883,883,  like write want play monk want great part class instead multiclasse official archetype subclasse fit description
884,884,  genuinely actual conversation meal day like brain wo nt gear
885,885,  add value pick money corpse guess pick money corpse oh yeah absolutely d d player like magpie way grab single gold piece mean waylaid long run treasure loot time completely shock essentially say city literally serve purpose want tell want buy shop exist meet silence think suggestion set entirely sure stockpile gold actually want buy
886,886,  New York
887,887,  Property Lady favourite Hildebrand Rarity sound bit Sherlock Holmes Risico nt strike bond movie title nt think Spectre good title
888,888,  people shop player city day tell want buy time think buy restock basic minute top
889,889,  sound fun
890,890,  yes correct different thing d like read post s UK ketchup tomato sauce ask Brit tomato sauce hand bottle ketchup yes exactly mean menu likely UK base restaurant pedantry nt change
891,891,  shall thank great idea
892,892,  m run sci fi TRPG campaign right s prison space station come crew near future cell go like like credit NPC like
893,893,  wedge historically like difficult chip
894,894,  yeah essentially s fry tend thin crispier chip tend thick cut stumpy comparison fluffier inside s d characterise difference looking menu difference serve chip oppose fry
895,895,  kind fry different chip
896,896,  sure office work people nt carry phone day work YMMV obviously
897,897,  s beauty real life hack
898,898,  implication go bed early exactly wo nt sleep guy dorm uni bed early sleep late definitely call lazy time say go bed early
899,899,  right context mean ketchup UK ketchup tomato sauce
900,900,  people actually enjoy Carte Blanche genuinely think absolutely dreadful
901,901,  mean kind make sense nt stand scrutiny talk need note nt write note hand photocopy button press probably photocopier office instead write wash hand nt walk day ink
902,902,  people nt specific place discuss instead hamfistedly try cram reference single thread
903,903,  swear time meme paddle get little big
904,904,  real stretch rest pretty spot
905,905,  easy mnemonic Saruman look like man
906,906,  surname begin a usually go pretty social anxiety benefit
907,907,  time bee Microsoft Sam recite know digit pi
908,908,  book hammond miniature elephant believe cage investor meeting proof genetic engineering possibility right source material
909,909,  stop imagine sad wo happen
910,910,  stop complain idea auto success stop widespread pervade group play extent player argue DM rule complete reality bend success
911,911,  want Magic Initiate d10 cantrip having sell soul study year choice
912,912,  claim kind flash mob prank look everybody kind thing find hard believe single person park people guy lunch break enjoy away office
913,913,  nt mention
914,914,  hold hyman m go
915,915,  ve look alternative cockney half orc character m start play think find potential s gon na end sound like hunting
916,916,  Guilty
917,917,  far Eldritch Blast
918,918,  personally
919,919,  good week Debbie Harry ll pass ll
920,920,  oh chef like cook
921,921,  s apron plum nt s wear low half
922,922,  critical failure nt thing
923,923,  best execution meme ve see inspiration
924,924,  finally speak sense bug second Lovecraft mention site know fact go smash window shout racist ya know
925,925,  got kick speed date cat
926,926,  customer perspective restaurant say open door close
927,927,  hungover nt drink water feeling like go hurl stand hot range convince go die shift
928,928,  human extra point feat pc human one adventurer suppose bit special average ultimately nt think intended look system detail
929,929,  oppose
930,930,  average race s race stat increase align average stat race
931,931,  work stop ground relieve
932,932,  fair stop heartbeat
933,933,  yeah m ancient african woman
934,934,  know nightmare go tonight
935,935,  suffer
936,936,  enter city gate Crownsguard the the guy Crownsguard OK s fine conversation Marvel movie like s problem
937,937,  use quiver palm create awkward situation
938,938,  get ta man
939,939,  convince meme like minute stare try satirical point
940,940,  kind double layered meta nt wanna fuck
941,941,  push healthy single push day
942,942,  know plot interesting follow issue hook interesting draw sake argument actually opposite problem player pretty laser guide main plotline campaign pass opportunity quest present head straight end goal weird
943,943,  get dude long wild baseless assumption like base little logic guarantee golden
944,944,  specifically thatch roof wooden tavern place catch fire go shit whined dm say nt happen nt fault dm decide
945,945,  favourite subtle moment Taliesins understate comedic talent
946,946,  word learn Smite
947,947,  make Iron throne
948,948,  know case Pathfinder know own starter set say play rule hit miss actually know Pathfinder rule think conflate Critical Hit Success death Save roll require D20
949,949,  shoot play character INT player DM different time point nt smart think character basically retarded point average retarded Funnily STR wizard nt like pointed character probably nt able open door logic
950,950,  seriously hate fucker like set dumbbell grab bench build hoard equipment use
951,951,  title code actual singular person
952,952,  Gordon Ramsay actually food fucking fantastic
953,953,  shitty subreddit name brand instead verbose generic descriptor shill
954,954,  dunno think imply certain day day work especially discount include bar University town Vodka Tuesdays pack Tuesday night Gin Thursdays thing
955,955, 
956,956,  maybe Uber driver work Lyft switch
957,957,  mean lot people house rule way fine way rule lie way play nt agree concept campaign going year guy recently yesterday d play time know feel ve discussion away table thinking crit skill check bug smug expression nonchalant recline declare like think time time m go go override dm decision s kind player declare m roll Persuasion instead say character say roll ask interrupt narrative result dice roll thing nt know want
958,958,  pretty sure joke early episode Archer admonish constantly introduce Sterling Archer world great spy
959,959,  player roll Natural skill check declare Nat sit seat arm fold smug fucking look face time m like Good plus look incredulous repeat Natural Single Time
960,960,  literally reason go dumpster fire website
961,961,  dare bring check demand payment succulent meal
962,962,  high noon
963,963,  thank warn m right new episode soon release good let know
964,964,  Fastest subscribe
965,965,  seduce people cha fighter hear
966,966,  get car run inside ll weight seat car register passenger seatbelt Ford Fiesta make noise nt wear seatbelt seat sit move like mph non issue
967,967,  maybe wear seatbelt non issue
968,968,  get raw deal
969,969,  nt wait til get Hogwarts meet potion master Professor Slughead
970,970,  presuppose dm memorise player modifier skill order able respond way
971,971,  play character like year ago try talk way combat succeed Unfortunately DM rule nt fight nt XP player literally interested combat interrupt try talk situation think win fight end good fit game
972,972,  bowl rice
973,973,  micro cupcake like mini version mini cupcake
974,974,  player character far speak terrible fake Cockney accent gruff delivery like bad impression Phil Mitchell try throw weight intimidate npc pc alike s play particularly intimidate character get tiresome
975,975,  news love God
976,976,  genuine quote player game consequence single thing kind game want play EDIT m start reply understand point allow add context character Dragonborn rare custom setting year play s see kick open door store funny demand know kind discount going deny discount basis try fail roll miserably intimidate shopkeeper plain view start help item s go stop broad daylight Empires capital city Crownsguard patrol establish commonplace oppressive Dragonborn pocket casually stroll shop wander road tavern begin behave similarly conspicuous way short time later group Crownsguard having speak shopkeeper find asshole tavern character want know pick wish hyperbole
977,977,  mildly
978,978,  go little floor
979,979,  u User Simulator u subject4129
980,980,  ok good know
981,981,  m sure martial art police officer go
982,982,  somebody mix Trojans Spartans
983,983,  session practically roll nt natural s odd session
984,984,  yeah roll expect able achieve let roll s chance
985,985,  come maaaaaan nt vicious mockery need feel
986,986,  look pretty sad s ball want ball
987,987,  s plus fuck
988,988,  its just a chair its a chair
989,989,  s pretty awesome bit organic world building like quirk race steal think ass pull reason player inevitably ask table talk character Y tho
990,990,  Bendy Scrooge Crumpet Thatch
991,991,  big chair chair
992,992,  op house time come
993,993,  split pack wanna crunk
994,994,  blur edge make surrealistic nightmare photo
995,995,  happen scene
996,996,  nt tell
997,997,  old maybe time start wean dice
998,998,  oh shit
999,999,  motherfucker
1000,1000, 
1001,1001, 
1002,1002, 
1003,1003,  EDIT think wrong
1004,1004,  remove
1005,1005,  TL DR hear music m drift d like capture sure nt sure post think good conversation hear music hypnagogic state ve start notice recently original music grain salt thinking subconscious mind work thing know lot great swear induce hypnagogic state order fuel creativity think Dali Einstein say d like start capture song m sure problem play guitar piano drum far less extent learn read write musical notation secondary school nt know remember write thing useful way plus nt recognise note hear secondly hallucination pretty fleeting soon disappear fairly quickly struggle hold know like try remember dream fade away memory d voice record humming singing melody couple problem nt think m competent singer right note cadence secondly start make noise m pretty sure wake girlfriend course assumes actually hear tune kind brain saying hear pulse club beat hint melancholy way think interesting explore thank stick far m interested hear thought experience similar suggestion thank guy
1006,1006, 
